{"train_loss": 3.05119003350183, "val_loss": 3.7684702137853785, "_timestamp": 1698072515.3704927, "_runtime": 11.068820714950562, "_step": 42, "_wandb": {"runtime": 54}}