{"train_loss": 3.05119003350183, "val_loss": 3.7684702137853785, "_timestamp": 1698072165.8761787, "_runtime": 51.888427734375, "_step": 237, "_wandb": {"runtime": 56}}