{"train_loss": 3.05119003350183, "val_loss": 3.7684702137853785, "_timestamp": 1698072776.0714207, "_runtime": 209.4788966178894, "_step": 999}