{"epoch": 0, "train_loss": 0.15720171977927289, "train_accuracy": 95.23, "val_loss": 0.052504946248367435, "val_accuracy": 98.25, "_timestamp": 1697552616.1076064, "_runtime": 103.18505835533142, "_step": 0}