{"acc": 0.8252309875626209, "loss": 0.11736197072738817, "_timestamp": 1697535560.2699873, "_runtime": 2.478661298751831, "_step": 7, "_wandb": {"runtime": 1}}