{"dropout_rate": 0.5, "epoch": 2, "with_dropout_val_accuracy": 99.03333333333333, "no_dropout_val_accuracy": 98.425, "_timestamp": 1698064625.1651237, "_runtime": 579.1430027484894, "_step": 5, "_wandb": {"runtime": 578}}